model type,data set,seed,train batch size,number of points in one batch,number of epochs,optimizer,learning rate,lr adjust params,resume checkpoint path,feature transform,lambda for feature transform regularizer,data augment
pointnet,modelnet40,6714,32,2048,200,Adam,0.001,"{'steps': [50, 80, 120, 150], 'decay_rates': [0.1, 0.1, 0.2, 0.2]}",/,False,0.001,True
Note,
""
Epoch,Train Loss,Train Acc,Test Loss,Test Acc,learning Rate
0,0.005841909091713374,35.97312703583062,0.03608331313500038,36.750405186385734,0.001,36.750405186385734,0
1,0.004167151373450065,45.99959283387622,0.0199509003223517,53.56564019448947,0.001,53.56564019448947,1
2,0.005086933362755791,58.66245928338762,0.009227734345656175,56.523500810372774,0.001,56.523500810372774,2
3,0.004395588601450967,61.329397394136805,0.013430084937658066,60.29173419773095,0.001,60.29173419773095,3
4,0.0028537814702583836,64.810667752443,0.030469099680582683,62.236628849270666,0.001,62.236628849270666,4
5,0.0032960242479554216,67.65065146579805,0.02788996696472168,66.89627228525121,0.001,66.89627228525121,5
6,0.0021323883960612045,68.40390879478828,0.0031826557257236578,67.6256077795786,0.001,67.6256077795786,6
7,0.005061844661103786,69.94096091205212,0.010186404753953982,68.354943273906,0.001,68.354943273906,7
8,0.0036089482447223477,70.77565146579805,0.00918181966512631,65.80226904376013,0.001,68.354943273906,7
9,0.0015212408106179502,70.95887622149837,0.004544200041355231,67.78768233387358,0.001,68.354943273906,7
10,0.002546317802578308,72.08876221498372,0.008203415534435174,67.66612641815234,0.001,68.354943273906,7
11,0.003280064570398983,73.02524429967427,0.0035560115789755797,67.26094003241491,0.001,68.354943273906,7
12,0.0017669697926176488,72.53664495114006,0.00406864820382534,67.82820097244732,0.001,68.354943273906,7
13,0.003022118577739703,74.24674267100977,0.005040629551960872,70.86709886547813,0.001,70.86709886547813,13
14,0.0012445309068946963,74.2671009771987,0.0068359436132969,73.3387358184765,0.001,73.3387358184765,14
15,0.0024269318347645116,74.74552117263843,0.0006368481195889986,72.24473257698541,0.001,73.3387358184765,14
16,0.002180985208443011,74.41978827361564,0.004887087222857353,75.52674230145867,0.001,75.52674230145867,16
17,0.0016775616605429384,74.69462540716613,0.03423976286863669,71.71799027552674,0.001,75.52674230145867,16
18,0.002558415409796401,75.77361563517915,0.006935031750263312,75.08103727714749,0.001,75.52674230145867,16
19,0.0018328381671967647,76.57776872964169,0.014204112383035513,72.56888168557536,0.001,75.52674230145867,16
20,0.0013544881770975814,76.01791530944625,0.012127750194989718,76.45867098865479,0.001,76.45867098865479,20
21,0.0027138963584402874,75.95684039087948,0.021402123646858413,72.77147487844408,0.001,76.45867098865479,20
22,0.002599843938498233,76.67956026058631,0.011567008036833543,78.40356564019449,0.001,78.40356564019449,22
23,0.0014335852880819613,76.96457654723127,0.0042456892820505,78.80875202593192,0.001,78.80875202593192,23
24,0.0019270591316471659,77.30048859934854,0.014329176682692308,75.68881685575364,0.001,78.80875202593192,23
25,0.0014707609185955035,77.9621335504886,0.0074408604548527645,74.39222042139384,0.001,78.80875202593192,23
26,0.0020285747726887754,78.61359934853421,0.00021686920752892128,74.23014586709887,0.001,78.80875202593192,23
27,0.002646394583612001,77.74837133550488,0.0048710382901705224,76.21555915721231,0.001,78.80875202593192,23
28,0.0023898078486663124,78.22679153094462,0.011824842446889633,72.40680713128039,0.001,78.80875202593192,23
29,0.0011246797510389395,78.31840390879479,0.01298372256450164,76.53970826580228,0.001,78.80875202593192,23
30,0.0028321013000190062,78.57288273615636,0.030284973291250374,77.63371150729336,0.001,78.80875202593192,23
31,0.001810900163184548,78.79682410423453,0.009866557060143886,75.56726094003241,0.001,78.80875202593192,23
32,0.0022150155775710117,78.65431596091206,0.013732453187306723,76.6612641815235,0.001,78.80875202593192,23
33,0.0021297153121873687,78.92915309446254,0.013294655543107253,78.9708265802269,0.001,78.9708265802269,33
34,0.0016205533125501503,79.36685667752442,0.027780734575711764,78.16045380875202,0.001,78.9708265802269,33
35,0.0021153919471591613,79.00040716612378,0.012471208205589881,77.55267423014587,0.001,78.9708265802269,33
36,0.0016305986367141773,79.75366449511401,0.009415848132891532,76.09400324149108,0.001,78.9708265802269,33
37,0.0020625573804401807,79.75366449511401,0.0067779796245770576,75.81037277147487,0.001,78.9708265802269,33
38,0.0013473550349182724,79.9979641693811,0.011265257994333902,77.6742301458671,0.001,78.9708265802269,33
39,0.0026127919312020466,80.60871335504886,0.018671161089188013,72.12317666126418,0.001,78.9708265802269,33
40,0.0020980730118891314,80.45602605863192,0.020898640155792236,79.9837925445705,0.001,79.9837925445705,40
41,0.00172878049483905,80.2422638436482,0.0017422712766207182,75.12155591572123,0.001,79.9837925445705,40
42,0.0013359621992328657,80.30333876221498,0.0008495786251165929,77.0259319286872,0.001,79.9837925445705,40
43,0.0013188611024365752,80.73086319218241,0.011839727560679117,76.49918962722853,0.001,79.9837925445705,40
44,0.003152365793234362,81.27035830618892,0.012129511588659042,76.17504051863857,0.001,79.9837925445705,40
45,0.0013360188915985804,81.02605863192183,0.005336646086130387,78.322528363047,0.001,79.9837925445705,40
46,0.0011316972757395394,80.85301302931596,0.006610609017885649,78.20097244732577,0.001,79.9837925445705,40
47,0.0021245941665351195,82.08469055374593,0.013355116049448649,79.94327390599676,0.001,79.9837925445705,40
48,0.0017150970545964444,80.96498371335505,0.01067047852736253,76.05348460291734,0.001,79.9837925445705,40
49,0.0015474233642851492,81.2805374592834,0.0005308955143659543,81.19935170178282,0.001,81.19935170178282,49
50,0.001130138818138197,84.79234527687296,3.3889061365372094e-05,82.3743922204214,0.0001,82.3743922204214,50
51,0.00151581008970155,85.88151465798046,0.017554984642909124,82.77957860615884,0.0001,82.77957860615884,51
52,0.0007500754796720871,85.98330618892508,0.0012717476257911096,83.22528363047002,0.0001,83.22528363047002,52
53,0.0009018316719353394,86.05456026058631,0.003712337750654954,82.41491085899514,0.0001,83.22528363047002,52
54,0.0007263337556236342,86.23778501628665,0.007786556696280455,82.13128038897894,0.0001,83.22528363047002,52
55,0.0013618772115303562,85.97312703583061,0.020183907105372503,82.53646677471637,0.0001,83.22528363047002,52
56,0.0007435540617094754,86.86889250814332,0.010761953317202054,82.98217179902755,0.0001,83.22528363047002,52
57,0.001336231002590167,86.94014657980456,0.0019321151268787873,82.49594813614263,0.0001,83.22528363047002,52
58,0.0021610459986261127,87.15390879478828,0.013005407956930308,83.14424635332253,0.0001,83.22528363047002,52
59,0.0014265315540450403,87.07247557003258,0.002900826625334911,82.73905996758509,0.0001,83.22528363047002,52
60,0.0010224929267498104,87.0928338762215,0.008518365713266226,82.90113452188007,0.0001,83.22528363047002,52
61,0.0008406454654780583,86.61441368078177,0.005307512405591133,83.22528363047002,0.0001,83.22528363047002,52
62,0.001387628553744636,87.10301302931596,0.006000009102699084,82.86061588330632,0.0001,83.22528363047002,52
63,0.000910422118556616,87.0928338762215,0.025030972101749517,82.17179902755268,0.0001,83.22528363047002,52
64,0.00106580841813103,87.24552117263843,0.004697037048828907,82.33387358184766,0.0001,83.22528363047002,52
65,0.0016287110915789776,87.44910423452768,0.01841105864598201,82.3743922204214,0.0001,83.22528363047002,52
66,0.0016482101589538375,87.72394136807817,0.0028884303875458548,81.96920583468396,0.0001,83.22528363047002,52
67,0.001186973108919125,87.4694625407166,0.007225455381931403,82.09076175040519,0.0001,83.22528363047002,52
68,0.0008646264332513468,87.8257328990228,0.026038995155921348,81.84764991896272,0.0001,83.22528363047002,52
69,0.0009303912277718708,87.30659609120521,0.0019770065943400064,82.57698541329012,0.0001,83.22528363047002,52
70,0.0016731140279614577,87.62214983713355,0.0009913964149279471,82.41491085899514,0.0001,83.22528363047002,52
71,0.0007769587762192717,87.28623778501628,0.002772069894350492,82.69854132901135,0.0001,83.22528363047002,52
72,0.001002554299388724,87.93770358306189,0.0017931262652079265,83.26580226904376,0.0001,83.26580226904376,72
73,0.000676575283662504,87.67304560260587,0.002293498470233037,83.42787682333874,0.0001,83.42787682333874,73
74,0.0007029224296346161,87.5814332247557,0.003717477505023663,82.94165316045381,0.0001,83.42787682333874,73
75,0.0011979005624106341,88.11074918566776,0.004247625668843587,82.90113452188007,0.0001,83.42787682333874,73
76,0.002014476041452116,87.69340390879479,0.00011615722607343625,83.0226904376013,0.0001,83.42787682333874,73
77,0.0010101063243729285,87.6119706840391,0.011011111430632763,82.53646677471637,0.0001,83.42787682333874,73
78,0.0011874136396650382,87.57125407166124,0.006192693343529334,82.6580226904376,0.0001,83.42787682333874,73
79,0.0005780481748549868,87.8257328990228,0.04430494247338711,82.90113452188007,0.0001,83.42787682333874,73
80,0.0014316323137438646,87.89698697068404,0.0014441685798840646,83.10372771474879,1e-05,83.42787682333874,73
81,0.00028025805464784953,88.13110749185668,0.004157255093256633,82.73905996758509,1e-05,83.42787682333874,73
82,0.0007838669933791269,88.21254071661238,9.50006338266226e-06,82.90113452188007,1e-05,83.42787682333874,73
83,0.000762952267152867,88.27361563517915,0.005388674827722402,82.90113452188007,1e-05,83.42787682333874,73
84,0.000528834007850299,88.2328990228013,3.0019344427646734e-05,82.77957860615884,1e-05,83.42787682333874,73
85,0.0015363118547570046,87.86644951140065,0.0013819199341994065,82.57698541329012,1e-05,83.42787682333874,73
86,0.0003912388695956053,88.61970684039088,0.0004687599646739471,82.86061588330632,1e-05,83.42787682333874,73
87,0.0006420381779779441,88.37540716612378,0.013428989129188733,82.73905996758509,1e-05,83.42787682333874,73
88,0.0013771984204407235,88.61970684039088,0.006924108052865053,82.6580226904376,1e-05,83.42787682333874,73
89,0.0010968602053117286,88.57899022801303,0.012870721327952849,82.90113452188007,1e-05,83.42787682333874,73
90,0.001803119718446017,88.56881107491857,0.00010532140731811523,82.77957860615884,1e-05,83.42787682333874,73
91,0.0007808605991667956,88.38558631921823,0.0015711050767164964,82.6580226904376,1e-05,83.42787682333874,73
92,0.0015182619374427423,88.69096091205212,0.0006200854594890887,82.69854132901135,1e-05,83.42787682333874,73
93,0.0013231182719674872,88.74185667752442,0.01068409895285582,82.77957860615884,1e-05,83.42787682333874,73
94,0.0013908121601378103,88.36522801302931,0.010713257086582674,82.86061588330632,1e-05,83.42787682333874,73
95,0.0009610107356639949,88.4771986970684,0.029528486423003368,82.69854132901135,1e-05,83.42787682333874,73
96,0.0005108815548086011,88.61970684039088,0.008628927744351901,82.98217179902755,1e-05,83.42787682333874,73
97,0.0012086364850159188,88.21254071661238,0.0075159867604573565,83.10372771474879,1e-05,83.42787682333874,73
98,0.0010278894769252317,88.62988599348535,0.02737846129979843,83.06320907617504,1e-05,83.42787682333874,73
99,0.0010210731907077256,89.05741042345277,0.015023511189680833,82.86061588330632,1e-05,83.42787682333874,73
100,0.0006247307947481883,88.57899022801303,0.0028348458118927786,82.98217179902755,1e-05,83.42787682333874,73
101,0.0014492859669539362,88.7520358306189,0.0016942543861193534,82.94165316045381,1e-05,83.42787682333874,73
102,0.001715990541812263,88.6706026058632,0.00349352451471182,83.10372771474879,1e-05,83.42787682333874,73
103,0.0012783087814281352,88.52809446254072,0.0006487629352471767,83.06320907617504,1e-05,83.42787682333874,73
104,0.0010536138320202159,88.60952768729642,0.001661830987685766,82.98217179902755,1e-05,83.42787682333874,73
105,0.001550603281791513,88.8029315960912,0.015497403267102364,83.10372771474879,1e-05,83.42787682333874,73
106,0.0016165476668541128,88.48737785016287,0.10602667392828526,82.90113452188007,1e-05,83.42787682333874,73
107,0.0013556074630165721,88.81311074918567,0.006864261168699998,83.10372771474879,1e-05,83.42787682333874,73
108,0.0009388106265363165,89.17956026058631,5.7860826834654195e-05,82.94165316045381,1e-05,83.42787682333874,73
109,0.0008343877543843919,88.46701954397395,0.0013181047561841134,83.0226904376013,1e-05,83.42787682333874,73
110,0.0006883893805140393,88.76221498371335,0.0016386600641103892,83.06320907617504,1e-05,83.42787682333874,73
111,0.0012190530276842148,88.3957654723127,0.0028274181561592296,83.0226904376013,1e-05,83.42787682333874,73
112,0.0013631595850767452,88.82328990228012,0.004221789347819793,83.3063209076175,1e-05,83.42787682333874,73
113,0.0015496425209293925,88.45684039087948,0.020132048007769462,83.18476499189627,1e-05,83.42787682333874,73
114,0.0010626733497222005,88.6400651465798,0.001750334715231871,83.34683954619125,1e-05,83.42787682333874,73
115,0.0019615795402651115,88.62988599348535,0.0025913302715008077,83.10372771474879,1e-05,83.42787682333874,73
116,0.0010122558775476213,89.13884364820846,0.003425709712199676,83.18476499189627,1e-05,83.42787682333874,73
117,0.001423092540778244,89.34242671009773,0.0022392762012970755,83.18476499189627,1e-05,83.42787682333874,73
118,0.0009644940155725137,88.93526058631922,0.010499171721629607,83.14424635332253,1e-05,83.42787682333874,73
119,0.0013997736311114183,88.57899022801303,0.00035222524251693336,83.22528363047002,1e-05,83.42787682333874,73
120,0.0011428860577387607,88.94543973941369,0.0001873312852321527,83.10372771474879,2.0000000000000003e-06,83.42787682333874,73
121,0.0009542585195858237,88.5586319218241,0.002002924680709839,83.06320907617504,2.0000000000000003e-06,83.42787682333874,73
122,0.0008909423692995251,88.70114006514657,0.002527759625361516,83.10372771474879,2.0000000000000003e-06,83.42787682333874,73
123,0.0006469652687687827,88.73167752442997,0.0005032481291355231,83.14424635332253,2.0000000000000003e-06,83.42787682333874,73
124,0.0006262001851482578,88.94543973941369,0.026979987437908467,83.14424635332253,2.0000000000000003e-06,83.42787682333874,73
125,0.0014722999610031079,88.95561889250814,0.0008596655650016589,83.06320907617504,2.0000000000000003e-06,83.42787682333874,73
126,0.0014746557035352974,88.8334690553746,0.0060473252565432815,83.06320907617504,2.0000000000000003e-06,83.42787682333874,73
127,0.0012695898062243134,88.96579804560261,0.0009401264863136488,82.98217179902755,2.0000000000000003e-06,83.42787682333874,73
128,0.0003653525675158547,88.79275244299674,0.0036294437371767485,83.06320907617504,2.0000000000000003e-06,83.42787682333874,73
129,0.0013596512595683045,88.34486970684038,0.0019400035723661764,82.98217179902755,2.0000000000000003e-06,83.42787682333874,73
130,0.0015028313239156617,89.14902280130293,0.054558741740691356,83.10372771474879,2.0000000000000003e-06,83.42787682333874,73
131,0.0006511954026424147,88.70114006514657,0.004077015778957269,83.14424635332253,2.0000000000000003e-06,83.42787682333874,73
132,0.001215994455138713,88.8029315960912,0.000985877636151436,83.06320907617504,2.0000000000000003e-06,83.42787682333874,73
133,0.000990683364557521,88.89454397394137,0.0002003954007075383,83.06320907617504,2.0000000000000003e-06,83.42787682333874,73
134,0.000335163470199908,88.43648208469055,0.0002483083651616023,82.98217179902755,2.0000000000000003e-06,83.42787682333874,73
135,0.0014321575918104438,89.02687296416939,0.0011220849477327787,83.0226904376013,2.0000000000000003e-06,83.42787682333874,73
136,0.0008474565095932554,88.48737785016287,0.01631019971309564,83.0226904376013,2.0000000000000003e-06,83.42787682333874,73
137,0.00063140369975994,88.89454397394137,0.01160053259287125,83.06320907617504,2.0000000000000003e-06,83.42787682333874,73
138,0.0012201137767940858,88.32451140065146,0.041515940274947725,82.98217179902755,2.0000000000000003e-06,83.42787682333874,73
139,0.0008794855605507518,88.6706026058632,0.0035601640358949318,83.10372771474879,2.0000000000000003e-06,83.42787682333874,73
140,0.0012561362418755646,88.71131921824104,0.02227579477505806,83.06320907617504,2.0000000000000003e-06,83.42787682333874,73
141,0.0006867342352478823,88.65024429967427,0.04154784862811749,83.10372771474879,2.0000000000000003e-06,83.42787682333874,73
142,0.0007887850075668931,88.49755700325733,0.005763680506975223,83.18476499189627,2.0000000000000003e-06,83.42787682333874,73
143,0.0013079021963312105,88.73167752442997,0.0006249653987395457,83.10372771474879,2.0000000000000003e-06,83.42787682333874,73
144,0.0007654874060751949,88.94543973941369,0.006403241402063615,83.14424635332253,2.0000000000000003e-06,83.42787682333874,73
145,0.0009229166694106807,88.66042345276873,0.01872014235227536,82.98217179902755,2.0000000000000003e-06,83.42787682333874,73
146,0.0008213857874419868,88.92508143322476,0.0003781242248339531,83.0226904376013,2.0000000000000003e-06,83.42787682333874,73
147,0.0010467747329500677,88.7520358306189,0.02383594635205391,82.98217179902755,2.0000000000000003e-06,83.42787682333874,73
148,0.0011491361969068695,89.02687296416939,0.015201721435938126,83.0226904376013,2.0000000000000003e-06,83.42787682333874,73
149,0.000723317119896606,88.77239413680782,0.016555183973067846,83.0226904376013,2.0000000000000003e-06,83.42787682333874,73
150,0.001423847112282868,88.54845276872965,0.003369860160045135,82.98217179902755,4.000000000000001e-07,83.42787682333874,73
151,0.0010094415481393423,88.71131921824104,3.1905296521309094e-05,82.94165316045381,4.000000000000001e-07,83.42787682333874,73
152,0.0007714881085417558,88.70114006514657,0.0022547550690479768,82.94165316045381,4.000000000000001e-07,83.42787682333874,73
153,0.0016176153083577607,88.69096091205212,0.02804699922219301,82.94165316045381,4.000000000000001e-07,83.42787682333874,73
154,0.00045760504974216127,88.91490228013029,0.0023460036669022,82.98217179902755,4.000000000000001e-07,83.42787682333874,73
155,0.0012108668053965616,88.59934853420195,0.007306449688397921,82.94165316045381,4.000000000000001e-07,83.42787682333874,73
156,0.0005880048686596003,88.93526058631922,0.0032722858282235954,82.90113452188007,4.000000000000001e-07,83.42787682333874,73
157,0.0006285327265239305,88.7214983713355,1.9654249533628804e-06,82.90113452188007,4.000000000000001e-07,83.42787682333874,73
158,0.0012017028339522669,88.77239413680782,0.007818228159195337,82.90113452188007,4.000000000000001e-07,83.42787682333874,73
159,0.0009012019401264501,88.78257328990227,0.004797041416168213,82.90113452188007,4.000000000000001e-07,83.42787682333874,73
160,0.001122671734626596,88.81311074918567,5.0911536583533656e-05,82.94165316045381,4.000000000000001e-07,83.42787682333874,73
161,0.0011166182713710524,89.04723127035831,0.0025077217664474095,82.94165316045381,4.000000000000001e-07,83.42787682333874,73
162,0.0012217524191455655,88.51791530944625,0.0003723930089901655,82.94165316045381,4.000000000000001e-07,83.42787682333874,73
163,0.0012860460273605994,88.73167752442997,0.03110061547695062,82.98217179902755,4.000000000000001e-07,83.42787682333874,73
164,0.0011343294906305567,88.76221498371335,0.026015410056480996,82.90113452188007,4.000000000000001e-07,83.42787682333874,73
165,0.0015999463171446362,88.85382736156352,0.0009414278543912447,82.94165316045381,4.000000000000001e-07,83.42787682333874,73
166,0.0009531022477227624,89.17956026058631,0.024042875338823367,82.98217179902755,4.000000000000001e-07,83.42787682333874,73
167,0.0008854904858219507,89.16938110749186,0.005612600308198195,82.98217179902755,4.000000000000001e-07,83.42787682333874,73
168,0.001000370963776927,89.21009771986971,0.0013679693906735152,82.98217179902755,4.000000000000001e-07,83.42787682333874,73
169,0.0007627502035240397,88.66042345276873,0.014751732349395752,82.94165316045381,4.000000000000001e-07,83.42787682333874,73
170,0.001123108285257793,88.78257328990227,0.02902873357137044,82.94165316045381,4.000000000000001e-07,83.42787682333874,73
171,0.0011193536780167868,88.78257328990227,0.004598547250796587,82.98217179902755,4.000000000000001e-07,83.42787682333874,73
172,0.0006873411542041293,88.7214983713355,0.01322874197593102,82.98217179902755,4.000000000000001e-07,83.42787682333874,73
173,0.0022847871826991973,88.74185667752442,0.004622025367541191,83.0226904376013,4.000000000000001e-07,83.42787682333874,73
174,0.0013093937685901256,88.48737785016287,0.003837865896714039,82.94165316045381,4.000000000000001e-07,83.42787682333874,73
175,0.0006131700176369483,88.46701954397395,0.006256092053193312,82.94165316045381,4.000000000000001e-07,83.42787682333874,73
176,0.001271698296264251,88.52809446254072,0.008289659634614602,82.94165316045381,4.000000000000001e-07,83.42787682333874,73
177,0.0013661804921463957,89.13884364820846,0.00210418762304844,82.98217179902755,4.000000000000001e-07,83.42787682333874,73
178,0.0013558903423893335,89.09812703583061,0.0015354034228202624,82.98217179902755,4.000000000000001e-07,83.42787682333874,73
179,0.000796152248444697,88.3957654723127,0.0009362070988386106,83.0226904376013,4.000000000000001e-07,83.42787682333874,73
180,0.0005953338130677562,89.11848534201954,0.002509910326737624,83.0226904376013,4.000000000000001e-07,83.42787682333874,73
181,0.0013337842998753153,88.56881107491857,0.011889058045851879,83.0226904376013,4.000000000000001e-07,83.42787682333874,73
182,0.0012423780531370678,88.78257328990227,0.01129975838538928,82.98217179902755,4.000000000000001e-07,83.42787682333874,73
183,0.0009698521236643341,88.60952768729642,0.005073918746067927,83.0226904376013,4.000000000000001e-07,83.42787682333874,73
184,0.0007161826186537354,88.56881107491857,0.0048231849303612346,83.06320907617504,4.000000000000001e-07,83.42787682333874,73
185,0.0009863609599756495,88.90472312703584,0.027255804110796023,83.06320907617504,4.000000000000001e-07,83.42787682333874,73
186,0.0006385664015717149,88.86400651465799,0.028679719338050254,83.10372771474879,4.000000000000001e-07,83.42787682333874,73
187,0.0007943273658472862,89.13884364820846,0.0013280403919709034,83.06320907617504,4.000000000000001e-07,83.42787682333874,73
188,0.0009742658767327424,88.78257328990227,0.0017848778993655473,83.10372771474879,4.000000000000001e-07,83.42787682333874,73
189,0.0008053054929944513,89.01669381107492,0.00015363479271913186,83.06320907617504,4.000000000000001e-07,83.42787682333874,73
190,0.0006183658147091198,88.91490228013029,0.001446681144909981,83.0226904376013,4.000000000000001e-07,83.42787682333874,73
191,0.0022147175543471348,88.74185667752442,0.0009964872629214556,83.06320907617504,4.000000000000001e-07,83.42787682333874,73
192,0.0004585978456739494,88.8334690553746,0.0034737709241035655,83.06320907617504,4.000000000000001e-07,83.42787682333874,73
193,0.0008676360795086293,88.99633550488599,0.0017740680621220516,83.06320907617504,4.000000000000001e-07,83.42787682333874,73
194,0.0007260127739331621,88.92508143322476,0.0005583625573378343,83.06320907617504,4.000000000000001e-07,83.42787682333874,73
195,0.0006804594387837264,88.96579804560261,0.004845095368532034,83.06320907617504,4.000000000000001e-07,83.42787682333874,73
196,0.0007147392931512591,88.96579804560261,0.006978063247142694,83.10372771474879,4.000000000000001e-07,83.42787682333874,73
197,0.00047902063942887495,88.6400651465798,0.013895273208618164,83.10372771474879,4.000000000000001e-07,83.42787682333874,73
198,0.00047849807948941906,89.00651465798046,0.006184831643715883,83.06320907617504,4.000000000000001e-07,83.42787682333874,73
199,0.0005192071781872927,88.92508143322476,0.006154294197375958,83.10372771474879,4.000000000000001e-07,83.42787682333874,73
""
""
model type,data set,seed,train batch size,number of points in one batch,number of epochs,optimizer,learning rate,lr adjust params,resume checkpoint path,feature transform,lambda for feature transform regularizer,data augment
pointnet,modelnet40,5612,32,2048,200,Adam,0.001,"{'steps': [50, 80, 120, 150], 'decay_rates': [0.1, 0.1, 0.2, 0.2]}",/,False,0.001,True
Note,
""
Epoch,Train Loss,Train Acc,Test Loss,Test Acc,learning Rate
0,0.006812193494666283,28.532166123778502,0.017580713981237166,41.77471636952998,0.001,41.77471636952998,0
1,0.006508012547943413,33.32654723127036,0.021137155019319974,51.86385737439222,0.001,51.86385737439222,1
2,0.006108290209444027,41.14413680781759,0.02442522996511215,53.60615883306321,0.001,53.60615883306321,2
3,0.005121057118965671,45.63314332247557,0.023053481028630182,65.76175040518639,0.001,65.76175040518639,3
4,0.005309765036020683,47.47557003257329,0.009236166110405555,62.03403565640195,0.001,65.76175040518639,3
5,0.005680233337203532,49.5114006514658,0.002319306899339725,71.75850891410049,0.001,71.75850891410049,5
6,0.005466724063363836,50.244299674267104,0.00518945547250601,70.70502431118314,0.001,71.75850891410049,5
7,0.005791797311764198,52.80944625407166,0.029436869499010917,74.7163695299838,0.001,74.7163695299838,7
8,0.004897746667023202,53.236970684039086,0.011718065310747195,71.43435980551054,0.001,74.7163695299838,7
9,0.005232615268968215,55.171009771986974,0.012086639801661173,71.27228525121556,0.001,74.7163695299838,7
10,0.0078115338999596015,55.20154723127036,0.015746915951753274,76.2965964343598,0.001,76.2965964343598,10
11,0.004141077933171673,56.402687296416936,0.01635112212254451,74.67585089141005,0.001,76.2965964343598,10
12,0.004804596062203572,56.1685667752443,0.003104954957962036,76.41815235008104,0.001,76.41815235008104,12
13,0.004826958094047025,57.237377850162865,0.02858885434957651,75.40518638573744,0.001,76.41815235008104,12
14,0.004390317376351123,58.33672638436482,0.00446094763584626,72.12317666126418,0.001,76.41815235008104,12
15,0.006320775137662111,58.40798045602606,0.011722597556236463,74.43273905996759,0.001,76.41815235008104,12
16,0.003732004072456484,58.743892508143325,0.007768118992829934,75.48622366288492,0.001,76.41815235008104,12
17,0.006635634052636957,59.50732899022801,0.011563620506188808,77.06645056726094,0.001,77.06645056726094,17
18,0.0057374883552327605,60.03664495114006,0.000903028708237868,76.2965964343598,0.001,77.06645056726094,17
19,0.0028816521750210937,60.53542345276873,0.003877094158759484,77.47163695299838,0.001,77.47163695299838,19
20,0.0033725449627307804,60.51506514657981,0.018276757154709253,77.14748784440843,0.001,77.47163695299838,19
21,0.0035940641688989895,61.50244299674267,0.007496867424402482,72.89303079416531,0.001,77.47163695299838,19
22,0.004029848676551049,61.115635179153095,0.003380650893235818,77.43111831442464,0.001,77.47163695299838,19
23,0.004272365803050684,62.11319218241042,0.01527542640001346,78.24149108589951,0.001,78.24149108589951,23
24,0.005671044902615128,61.98086319218241,0.004224155193720109,78.80875202593192,0.001,78.80875202593192,24
25,0.0042173272235385756,62.3371335504886,0.007457571151929024,79.17341977309563,0.001,79.17341977309563,25
26,0.004588930536947344,62.31677524429968,0.004346230855354896,80.67260940032415,0.001,80.67260940032415,26
27,0.0034250964559250623,63.131107491856675,0.00016607840855916342,79.61912479740681,0.001,80.67260940032415,26
28,0.0058086675619069454,63.884364820846905,0.012424438427656125,76.6612641815235,0.001,80.67260940032415,26
29,0.0032708858434074475,64.51547231270358,0.00011135675968267978,78.93030794165315,0.001,80.67260940032415,26
30,0.003320166653064641,64.03705211726384,0.0018286414635487092,79.13290113452187,0.001,80.67260940032415,26
31,0.003629058890699952,64.36278501628665,0.008394675377087716,78.64667747163695,0.001,80.67260940032415,26
32,0.002682246292064555,65.08550488599349,0.025555633581601657,77.55267423014587,0.001,80.67260940032415,26
33,0.004040538682223143,64.5358306188925,0.014421459956046863,78.88978930307941,0.001,80.67260940032415,26
34,0.0028115246893916923,65.39087947882736,0.014044663844964443,82.09076175040519,0.001,82.09076175040519,34
35,0.003915464450948013,65.2178338762215,0.004456046300056653,81.15883306320907,0.001,82.09076175040519,34
36,0.0030637699928656465,65.26872964169381,0.005422972715817965,81.56401944894651,0.001,82.09076175040519,34
37,0.0023774918205186676,65.88965798045602,0.005617685042894804,82.0097244732577,0.001,82.09076175040519,34
38,0.0029875094416863756,65.85912052117264,0.0005354239390446589,81.2803889789303,0.001,82.09076175040519,34
39,0.0038014293105283854,66.00162866449512,0.023162037898332644,80.91572123176661,0.001,82.09076175040519,34
40,0.003031269929308068,66.5513029315961,0.014063035830473289,83.50891410048622,0.001,83.50891410048622,40
41,0.003692858382234356,65.93037459283387,0.00012119763936751928,80.30794165316046,0.001,83.50891410048622,40
42,0.004698761123011089,66.40879478827361,0.003461372393828172,78.9708265802269,0.001,83.50891410048622,40
43,0.004071092372608495,66.08306188925081,0.0014167649623675223,81.11831442463533,0.001,83.50891410048622,40
44,0.00377481612786408,66.64291530944625,0.011750185336822119,81.2803889789303,0.001,83.50891410048622,40
45,0.005067951904445984,67.4470684039088,0.011356549385266427,82.49594813614263,0.001,83.50891410048622,40
46,0.004171665017690254,67.29438110749186,0.007376945935762846,80.87520259319287,0.001,83.50891410048622,40
47,0.004553291230714282,67.7422638436482,0.0036429151510580992,81.9286871961102,0.001,83.50891410048622,40
48,0.0029065368229869134,67.34527687296416,0.01469963483321361,80.30794165316046,0.001,83.50891410048622,40
49,0.004131709713889256,67.12133550488599,0.014600078264872232,80.14586709886548,0.001,83.50891410048622,40
50,0.0035796891594554394,70.68403908794788,0.002003125655345428,83.58995137763371,0.0001,83.58995137763371,50
51,0.003197879861154463,71.99714983713355,0.004197398821512858,84.15721231766612,0.0001,84.15721231766612,51
52,0.0035744268653447155,72.97434853420195,0.0065869490305582685,85.49432739059968,0.0001,85.49432739059968,52
53,0.0021258660558768905,72.61807817589576,0.001198112964630127,85.29173419773096,0.0001,85.49432739059968,52
54,0.0032852678423207437,72.84201954397395,0.0016292899082868528,85.45380875202594,0.0001,85.49432739059968,52
55,0.002823791791251117,73.0964983713355,0.0008623745196904892,85.77795786061589,0.0001,85.77795786061589,55
56,0.0031365024150388637,73.26954397394137,0.0030520741756145772,85.57536466774717,0.0001,85.77795786061589,55
57,0.0045340305819185234,73.65635179153094,0.0013739711199051295,85.6969205834684,0.0001,85.77795786061589,55
58,0.002292860602711233,73.36115635179154,0.0020184448132148157,86.22366288492707,0.0001,86.22366288492707,58
59,0.002501151072474178,73.6665309446254,0.010606729831451025,86.3452188006483,0.0001,86.3452188006483,59
60,0.0027343628849191073,74.64372964169381,0.0007856274262452737,85.65640194489465,0.0001,86.3452188006483,59
61,0.0033815936079242717,73.60545602605863,0.0021535242215181007,85.94003241491086,0.0001,86.3452188006483,59
62,0.003419989095060367,74.15513029315962,0.0006589583861522186,86.38573743922204,0.0001,86.38573743922204,62
63,0.0023260681559286213,74.31799674267101,0.013226924798427483,86.14262560777958,0.0001,86.38573743922204,62
64,0.002271738036836009,73.89047231270358,0.02059264824940608,86.06158833063209,0.0001,86.38573743922204,62
65,0.0033539700585778452,74.72516286644951,0.0019939251435108674,86.58833063209076,0.0001,86.58833063209076,65
66,0.0018147043762455546,74.45032573289902,0.0037603378295898438,86.3452188006483,0.0001,86.58833063209076,65
67,0.0037446554009999823,74.37907166123779,0.000942917206348517,86.66936790923825,0.0001,86.66936790923825,67
68,0.003293657924142645,74.5928338762215,0.022656607322203808,86.06158833063209,0.0001,86.66936790923825,67
69,0.003155448925999943,73.9413680781759,0.00013941067915696365,85.9805510534846,0.0001,86.66936790923825,67
70,0.004017588370009432,74.47068403908794,0.0015722788297213041,85.6969205834684,0.0001,86.66936790923825,67
71,0.0018198925043161995,74.97964169381108,0.0048313079736171625,85.85899513776337,0.0001,86.66936790923825,67
72,0.0037632644758938964,74.89820846905538,0.0003499021896949181,86.10210696920583,0.0001,86.66936790923825,67
73,0.0032382962758067376,74.69462540716613,0.007955584770593887,86.3452188006483,0.0001,86.66936790923825,67
74,0.0024409004842031274,74.77605863192183,0.027458961193378154,86.6288492706645,0.0001,86.66936790923825,67
75,0.0019836777196256656,74.95928338762215,0.0067562728356092405,86.18314424635332,0.0001,86.66936790923825,67
76,0.002734240180894684,74.78623778501628,0.0003466300475291717,86.42625607779578,0.0001,86.66936790923825,67
77,0.002564318016996601,75.0305374592834,5.809618876530574e-05,86.02106969205835,0.0001,86.66936790923825,67
78,0.0021032529855784065,75.09161237785017,0.008402578341655241,86.58833063209076,0.0001,86.66936790923825,67
79,0.004066798896665293,75.27483713355049,0.0010371636121700972,86.66936790923825,0.0001,86.66936790923825,67
80,0.0026229546202122195,74.54193811074919,0.007410603456008129,86.3452188006483,1e-05,86.66936790923825,67
81,0.0027678618601945015,75.01017915309447,0.008708417415618896,86.30470016207455,1e-05,86.66936790923825,67
82,0.0024528111231055245,74.8880293159609,0.009618574992204323,86.18314424635332,1e-05,86.66936790923825,67
83,0.0033368248892917695,75.53949511400651,0.0007885419405423678,86.26418152350081,1e-05,86.66936790923825,67
84,0.0023636049090456886,75.38680781758957,0.0008733700483273237,86.26418152350081,1e-05,86.66936790923825,67
85,0.0016498577322944367,74.90838762214983,0.008806384526766263,86.50729335494327,1e-05,86.66936790923825,67
86,0.0019601381562820088,74.94910423452768,0.008901208639144897,86.42625607779578,1e-05,86.66936790923825,67
87,0.0029788681272575057,75.68200325732899,0.0010667993472172664,86.38573743922204,1e-05,86.66936790923825,67
88,0.0024910532302110902,75.52931596091206,0.004209438959757487,86.38573743922204,1e-05,86.66936790923825,67
89,0.0035329257238183036,75.68200325732899,0.0003232482152107434,86.54781199351702,1e-05,86.66936790923825,67
90,0.0028284638634722085,75.59039087947883,0.0013025632271399866,86.46677471636953,1e-05,86.66936790923825,67
91,0.0030813193864853454,75.06107491856677,0.023919048981788833,86.42625607779578,1e-05,86.66936790923825,67
92,0.0028102572655444814,75.29519543973942,0.009392077342057839,86.50729335494327,1e-05,86.66936790923825,67
93,0.002039655994514689,75.64128664495114,0.011135254150781876,86.46677471636953,1e-05,86.66936790923825,67
94,0.002913552503244108,75.01017915309447,0.00790470532881908,86.50729335494327,1e-05,86.66936790923825,67
95,0.002207548688211348,75.42752442996742,0.01632247826991937,86.50729335494327,1e-05,86.66936790923825,67
96,0.0026003660130578454,75.9771986970684,0.0006756155918806028,86.58833063209076,1e-05,86.66936790923825,67
97,0.0017020946993501645,75.62092833876221,0.00688162522438245,86.58833063209076,1e-05,86.66936790923825,67
98,0.002270838725062069,75.01017915309447,0.003088208345266489,86.58833063209076,1e-05,86.66936790923825,67
99,0.002189587692484405,75.50895765472313,0.0006191226152273325,86.6288492706645,1e-05,86.66936790923825,67
100,0.0035835822941037653,76.18078175895765,0.004770793975927891,86.66936790923825,1e-05,86.66936790923825,67
101,0.0035351165342796895,75.42752442996742,0.0014331356073037172,86.6288492706645,1e-05,86.66936790923825,67
102,0.00287701213786967,75.61074918566776,0.00012618150466527694,86.6288492706645,1e-05,86.66936790923825,67
103,0.0020822651611477234,75.64128664495114,0.0043345162501701945,86.83144246353322,1e-05,86.83144246353322,103
104,0.0016581870445599384,75.36644951140065,0.0004241619354639298,86.54781199351702,1e-05,86.83144246353322,103
105,0.0030348477612100904,75.98737785016287,2.971062293419471e-06,86.50729335494327,1e-05,86.83144246353322,103
106,0.0020684768788589328,76.0891693811075,0.0038655354426457332,86.66936790923825,1e-05,86.83144246353322,103
107,0.0028183737872866156,75.814332247557,0.003862484907492613,86.70988654781199,1e-05,86.83144246353322,103
108,0.002602786505261151,75.4071661237785,0.0008655029993790847,86.6288492706645,1e-05,86.83144246353322,103
109,0.0027912262984906423,75.53949511400651,0.0031388432551652957,86.46677471636953,1e-05,86.83144246353322,103
110,0.004468866202264344,75.64128664495114,0.0007406946940299792,86.42625607779578,1e-05,86.83144246353322,103
111,0.0029694032203102733,75.43770358306189,0.015351310754433656,86.38573743922204,1e-05,86.83144246353322,103
112,0.002827841800664846,75.63110749185668,0.008055509665073493,86.58833063209076,1e-05,86.83144246353322,103
113,0.0026455845817292553,75.60057003257329,0.01871789724398882,86.6288492706645,1e-05,86.83144246353322,103
114,0.0026822261002630676,75.84486970684038,0.0038373638422061237,86.46677471636953,1e-05,86.83144246353322,103
115,0.0017607029563829254,75.59039087947883,0.002821202461536114,86.38573743922204,1e-05,86.83144246353322,103
116,0.004032454195550676,75.60057003257329,0.0014664118106548602,86.3452188006483,1e-05,86.83144246353322,103
117,0.002347930052381385,75.12214983713355,0.00024213546361678685,86.50729335494327,1e-05,86.83144246353322,103
118,0.0016638508448771623,75.39698697068404,0.0003717174896827111,86.46677471636953,1e-05,86.83144246353322,103
119,0.0017819540508406946,75.45806188925081,0.002439723565028264,86.54781199351702,1e-05,86.83144246353322,103
120,0.0033713707318135115,75.43770358306189,0.006225156478392772,86.66936790923825,2.0000000000000003e-06,86.83144246353322,103
121,0.0019960277243623514,76.07899022801303,0.018033275237450234,86.66936790923825,2.0000000000000003e-06,86.83144246353322,103
122,0.0031433388930578576,76.28257328990227,0.01938474483979054,86.58833063209076,2.0000000000000003e-06,86.83144246353322,103
123,0.002199922982566908,75.47842019543974,0.0008672139583489833,86.6288492706645,2.0000000000000003e-06,86.83144246353322,103
124,0.0022692222160314505,75.91612377850163,0.010706561498152904,86.6288492706645,2.0000000000000003e-06,86.83144246353322,103
125,0.0021376122480883273,75.84486970684038,0.0019605824580559363,86.58833063209076,2.0000000000000003e-06,86.83144246353322,103
126,0.002249664126467627,75.51913680781759,0.005122275688709357,86.50729335494327,2.0000000000000003e-06,86.83144246353322,103
127,0.0026816892701562144,75.67182410423453,0.0003493993710248898,86.54781199351702,2.0000000000000003e-06,86.83144246353322,103
128,0.0026444709262164485,76.26221498371335,0.024212820407671806,86.6288492706645,2.0000000000000003e-06,86.83144246353322,103
129,0.0019199611309685225,75.9263029315961,0.0002709183937464005,86.70988654781199,2.0000000000000003e-06,86.83144246353322,103
130,0.002301464445816189,75.9263029315961,0.0015840110106345934,86.66936790923825,2.0000000000000003e-06,86.83144246353322,103
131,0.0035072883487912653,75.86522801302931,0.0018834853783631937,86.75040518638573,2.0000000000000003e-06,86.83144246353322,103
132,0.0018068280204499583,75.9771986970684,0.0007085158274723933,86.79092382495948,2.0000000000000003e-06,86.83144246353322,103
133,0.002491459784367962,76.01791530944625,0.00040562183429033327,86.75040518638573,2.0000000000000003e-06,86.83144246353322,103
134,0.003098423201408759,75.814332247557,0.002940662396259797,86.75040518638573,2.0000000000000003e-06,86.83144246353322,103
135,0.0027030586031438473,76.46579804560261,0.010249328154783983,86.75040518638573,2.0000000000000003e-06,86.83144246353322,103
136,0.003295941927533973,75.50895765472313,0.002123906062199519,86.66936790923825,2.0000000000000003e-06,86.83144246353322,103
137,0.003915610453204922,76.26221498371335,0.0013345969028961964,86.6288492706645,2.0000000000000003e-06,86.83144246353322,103
138,0.0024345950117328654,75.2442996742671,0.0006109216274359288,86.58833063209076,2.0000000000000003e-06,86.83144246353322,103
139,0.0014219798560251241,75.80415309446254,0.0002420804439446865,86.54781199351702,2.0000000000000003e-06,86.83144246353322,103
140,0.002818291466865167,76.76099348534201,0.001714330453139085,86.50729335494327,2.0000000000000003e-06,86.83144246353322,103
141,0.0021266401396512207,76.07899022801303,0.0025432843428391675,86.58833063209076,2.0000000000000003e-06,86.83144246353322,103
142,0.0020408587657667525,76.54723127035831,0.0013591280350318323,86.6288492706645,2.0000000000000003e-06,86.83144246353322,103
143,0.0023397591680967846,75.63110749185668,0.0003491487258519882,86.58833063209076,2.0000000000000003e-06,86.83144246353322,103
144,0.003245743555820726,75.95684039087948,0.00433886815340091,86.46677471636953,2.0000000000000003e-06,86.83144246353322,103
145,0.0015105498341861688,75.76343648208469,0.012779943453959929,86.54781199351702,2.0000000000000003e-06,86.83144246353322,103
146,0.0025164797562341346,76.12988599348535,0.005110127803606865,86.54781199351702,2.0000000000000003e-06,86.83144246353322,103
147,0.0017344996284584268,76.27239413680782,0.012994538515042037,86.50729335494327,2.0000000000000003e-06,86.83144246353322,103
148,0.004246675230392804,75.50895765472313,0.002286562552818885,86.50729335494327,2.0000000000000003e-06,86.83144246353322,103
149,0.0029896798661943366,75.78379478827361,1.8309324215619992e-05,86.46677471636953,2.0000000000000003e-06,86.83144246353322,103
150,0.00282786296322602,75.76343648208469,0.009696933703544812,86.46677471636953,4.000000000000001e-07,86.83144246353322,103
151,0.004074128132301355,76.39454397394137,0.009072592625251183,86.46677471636953,4.000000000000001e-07,86.83144246353322,103
152,0.0023318439819137128,75.82451140065146,0.004719869448588445,86.46677471636953,4.000000000000001e-07,86.83144246353322,103
153,0.002736288095530159,75.96701954397395,0.0007128776648105719,86.42625607779578,4.000000000000001e-07,86.83144246353322,103
154,0.003725181573376982,75.84486970684038,5.105214241223458e-05,86.42625607779578,4.000000000000001e-07,86.83144246353322,103
155,0.001669265159954854,76.36400651465799,0.011893395430002457,86.3452188006483,4.000000000000001e-07,86.83144246353322,103
156,0.0030323342702287806,76.19096091205212,0.002666036287943522,86.3452188006483,4.000000000000001e-07,86.83144246353322,103
157,0.003012416417124994,75.77361563517915,0.0013229021659264197,86.3452188006483,4.000000000000001e-07,86.83144246353322,103
158,0.0027618087852428323,75.72271986970684,0.006387881743602264,86.3452188006483,4.000000000000001e-07,86.83144246353322,103
159,0.0024478249130497538,75.77361563517915,0.003967564839583177,86.38573743922204,4.000000000000001e-07,86.83144246353322,103
160,0.0037379093977838074,75.17304560260587,0.005305530169071295,86.3452188006483,4.000000000000001e-07,86.83144246353322,103
161,0.0015625753697820907,76.24185667752442,0.024686134778536283,86.3452188006483,4.000000000000001e-07,86.83144246353322,103
162,0.0015162537268784612,75.75325732899023,0.004331237230545435,86.3452188006483,4.000000000000001e-07,86.83144246353322,103
163,0.0018660616408730174,75.6514657980456,0.007694359009082501,86.30470016207455,4.000000000000001e-07,86.83144246353322,103
164,0.0029300936658529972,76.46579804560261,0.021375488012264937,86.38573743922204,4.000000000000001e-07,86.83144246353322,103
165,0.0022570263679330435,76.23167752442997,0.0005395870942335862,86.38573743922204,4.000000000000001e-07,86.83144246353322,103
166,0.003938452040333701,76.24185667752442,0.0003453691800435384,86.3452188006483,4.000000000000001e-07,86.83144246353322,103
167,0.001459319156621877,75.9263029315961,0.003801584243774414,86.42625607779578,4.000000000000001e-07,86.83144246353322,103
168,0.0022584444536836606,76.0077361563518,0.009163669286630092,86.46677471636953,4.000000000000001e-07,86.83144246353322,103
169,0.0021185847757693613,76.44543973941369,0.00039040736663035856,86.42625607779578,4.000000000000001e-07,86.83144246353322,103
170,0.0020114000923082184,75.49877850162866,0.01004179624410776,86.38573743922204,4.000000000000001e-07,86.83144246353322,103
171,0.0028998626559875685,75.9771986970684,3.209480872521034e-07,86.38573743922204,4.000000000000001e-07,86.83144246353322,103
172,0.0026689348469339674,76.57776872964169,0.0044579612903105905,86.38573743922204,4.000000000000001e-07,86.83144246353322,103
173,0.003248813680406502,76.02809446254072,0.015467177598904341,86.42625607779578,4.000000000000001e-07,86.83144246353322,103
174,0.003240550379799709,76.46579804560261,0.007367549034265371,86.38573743922204,4.000000000000001e-07,86.83144246353322,103
175,0.002987107741327938,75.84486970684038,0.003787658153436123,86.38573743922204,4.000000000000001e-07,86.83144246353322,103
176,0.0014275007605164369,76.0891693811075,7.20666005061223e-05,86.38573743922204,4.000000000000001e-07,86.83144246353322,103
177,0.0024465419570475527,75.3257328990228,0.01654514899620643,86.46677471636953,4.000000000000001e-07,86.83144246353322,103
178,0.002970987500119287,76.01791530944625,0.01406689179249299,86.42625607779578,4.000000000000001e-07,86.83144246353322,103
179,0.0019307317096946294,75.96701954397395,0.0023252811187352888,86.42625607779578,4.000000000000001e-07,86.83144246353322,103
180,0.0028256251679957883,75.74307817589576,0.0006289222301580968,86.50729335494327,4.000000000000001e-07,86.83144246353322,103
181,0.0025575679365897413,76.03827361563518,0.001447067046776796,86.46677471636953,4.000000000000001e-07,86.83144246353322,103
182,0.002066011149254218,75.94666123778502,0.020067262343871288,86.42625607779578,4.000000000000001e-07,86.83144246353322,103
183,0.0017357443365289644,76.09934853420195,0.0017884709896185459,86.50729335494327,4.000000000000001e-07,86.83144246353322,103
184,0.002270134535985195,76.36400651465799,0.0027409684963715384,86.54781199351702,4.000000000000001e-07,86.83144246353322,103
185,0.0024839744505742475,75.59039087947883,0.016037849279550407,86.46677471636953,4.000000000000001e-07,86.83144246353322,103
186,0.0029119359942134894,75.71254071661238,0.00897387663523356,86.38573743922204,4.000000000000001e-07,86.83144246353322,103
187,0.0036236047744750977,75.82451140065146,0.002140639684139154,86.38573743922204,4.000000000000001e-07,86.83144246353322,103
188,0.0023175227525568166,76.31311074918567,0.005878445429679675,86.50729335494327,4.000000000000001e-07,86.83144246353322,103
189,0.0020938618563673783,75.4071661237785,0.00011614652780386117,86.50729335494327,4.000000000000001e-07,86.83144246353322,103
190,0.0028506468872293977,76.32328990228012,0.0041872217104985164,86.54781199351702,4.000000000000001e-07,86.83144246353322,103
191,0.002897314411809468,75.87540716612378,0.015001002030494886,86.50729335494327,4.000000000000001e-07,86.83144246353322,103
192,0.0016896934385020105,75.90594462540717,0.0002863743366339268,86.50729335494327,4.000000000000001e-07,86.83144246353322,103
193,0.003552084248695001,76.71009771986971,0.0020191317949539577,86.50729335494327,4.000000000000001e-07,86.83144246353322,103
194,0.0022075859653833247,75.23412052117264,0.014382950770549284,86.46677471636953,4.000000000000001e-07,86.83144246353322,103
195,0.002188518303613321,76.0891693811075,0.004379119628514999,86.50729335494327,4.000000000000001e-07,86.83144246353322,103
196,0.00270302210257962,75.87540716612378,0.0008337268462547889,86.58833063209076,4.000000000000001e-07,86.83144246353322,103
197,0.0014440851219313928,76.42508143322476,0.002755807760434273,86.54781199351702,4.000000000000001e-07,86.83144246353322,103
198,0.002644160865572454,75.88558631921823,0.00819749939136016,86.58833063209076,4.000000000000001e-07,86.83144246353322,103
199,0.0023925921816002663,76.61848534201954,0.0018112919269463955,86.58833063209076,4.000000000000001e-07,86.83144246353322,103
